phrase1,phrase2_cut,ante_noun,ante_gender,phrases_cut,next_10,gender,gramm_gender,ref
Die Eigentümer stiegen in den Bus.,Angesichts der Sonne trugen mehrere der,Eigentümer,masc,Die Eigentümer stiegen in den Bus. Angesichts der Sonne trugen mehrere der,Gäste Sonnenbrillen. Die,neutral,masculine,no
Die Eigentümerinnen stiegen in den Bus.,Angesichts der Sonne trugen mehrere der,Eigentümerinnen,fem,Die Eigentümerinnen stiegen in den Bus. Angesichts der Sonne trugen mehrere der,Frauen Sonnenbrillen. Die beiden Frauen,feminine,feminine,yes
Die Eigentümerinnen und Eigentümer stiegen in den Bus.,Angesichts der Sonne trugen mehrere der,Eigentümerinnen und Eigentümer,coord_f,Die Eigentümerinnen und Eigentümer stiegen in den Bus. Angesichts der Sonne trugen mehrere der,Gäste Sonnenbrillen. Die,neutral,masculine,no
Die Eigentümer und Eigentümerinnen stiegen in den Bus.,Angesichts der Sonne trugen mehrere der,Eigentümer und Eigentümerinnen,coord_m,Die Eigentümer und Eigentümerinnen stiegen in den Bus. Angesichts der Sonne trugen mehrere der,Gäste Sonnenbrillen. Die,neutral,masculine,no
Die Eigentümer*innen stiegen in den Bus.,Angesichts der Sonne trugen mehrere der,Eigentümer*innen,star,Die Eigentümer*innen stiegen in den Bus. Angesichts der Sonne trugen mehrere der,Gäste Sonnenbrillen. Die,neutral,masculine,no
Die Eigentümer:innen stiegen in den Bus.,Angesichts der Sonne trugen mehrere der,Eigentümer:innen,colon,Die Eigentümer:innen stiegen in den Bus. Angesichts der Sonne trugen mehrere der,Gäste Sonnenbrillen. Die,neutral,masculine,no
Die Eigentümer_innen stiegen in den Bus.,Angesichts der Sonne trugen mehrere der,Eigentümer_innen,underscore,Die Eigentümer_innen stiegen in den Bus. Angesichts der Sonne trugen mehrere der,Fahrgäste Sonnenbrillen,neutral,masculine,yes
Die EigentümerInnen stiegen in den Bus.,Angesichts der Sonne trugen mehrere der,EigentümerInnen,big_i,Die EigentümerInnen stiegen in den Bus. Angesichts der Sonne trugen mehrere der,Gäste Sonnenbrillen. Die,neutral,masculine,no
Die Allergologen stiegen in den Bus.,Angesichts der Sonne trugen mehrere der,Allergologen,masc,Die Allergologen stiegen in den Bus. Angesichts der Sonne trugen mehrere der,jungen Männer Sonnenbrillen,masculine,masculine,yes
Die Allergologinnen stiegen in den Bus.,Angesichts der Sonne trugen mehrere der,Allergologinnen,fem,Die Allergologinnen stiegen in den Bus. Angesichts der Sonne trugen mehrere der,Frauen Sonnenbrillen. Die Sonne,feminine,feminine,yes
Die Allergologinnen und Allergologen stiegen in den Bus.,Angesichts der Sonne trugen mehrere der,Allergologinnen und Allergologen,coord_f,Die Allergologinnen und Allergologen stiegen in den Bus. Angesichts der Sonne trugen mehrere der,Männer Sonnenbrillen. Sie,masculine,masculine,yes
Die Allergologen und Allergologinnen stiegen in den Bus.,Angesichts der Sonne trugen mehrere der,Allergologen und Allergologinnen,coord_m,Die Allergologen und Allergologinnen stiegen in den Bus. Angesichts der Sonne trugen mehrere der,Allergologen und Allergologinnen Son,masc_fem,masc_fem,yes
Die Allergolog*innen stiegen in den Bus.,Angesichts der Sonne trugen mehrere der,Allergolog*innen,star,Die Allergolog*innen stiegen in den Bus. Angesichts der Sonne trugen mehrere der,Patient*innen Sonnenschutzmittel,neutral,neutral,no
Die Allergolog:innen stiegen in den Bus.,Angesichts der Sonne trugen mehrere der,Allergolog:innen,colon,Die Allergolog:innen stiegen in den Bus. Angesichts der Sonne trugen mehrere der,Patient:innen Sonnenbrillen.,neutral,neutral,no
Die Allergolog_innen stiegen in den Bus.,Angesichts der Sonne trugen mehrere der,Allergolog_innen,underscore,Die Allergolog_innen stiegen in den Bus. Angesichts der Sonne trugen mehrere der,Allergolog_innen Sonnenbrillen,neutral,neutral,yes
Die AllergologInnen stiegen in den Bus.,Angesichts der Sonne trugen mehrere der,AllergologInnen,big_i,Die AllergologInnen stiegen in den Bus. Angesichts der Sonne trugen mehrere der,Frauen Sonnenbrillen. Die Sonne,feminine,feminine,yes
Die Choreographen stiegen in den Bus.,Angesichts der Sonne trugen mehrere der,Choreographen,masc,Die Choreographen stiegen in den Bus. Angesichts der Sonne trugen mehrere der,Tänzer Sonnenbrillen. Die,masculine,masculine,no
Die Choreographinnen stiegen in den Bus.,Angesichts der Sonne trugen mehrere der,Choreographinnen,fem,Die Choreographinnen stiegen in den Bus. Angesichts der Sonne trugen mehrere der,Tänzerinnen Sonnenbrillen.,feminine,feminine,no
Die Choreographinnen und Choreographen stiegen in den Bus.,Angesichts der Sonne trugen mehrere der,Choreographinnen und Choreographen,coord_f,Die Choreographinnen und Choreographen stiegen in den Bus. Angesichts der Sonne trugen mehrere der,Tänzerinnen und Tänzer Sonnen,masc_fem,masc_fem,no
Die Choreographen und Choreographinnen stiegen in den Bus.,Angesichts der Sonne trugen mehrere der,Choreographen und Choreographinnen,coord_m,Die Choreographen und Choreographinnen stiegen in den Bus. Angesichts der Sonne trugen mehrere der,Tänzerinnen Sonnenschutzmittel,feminine,feminine,no
Die Choreograph*innen stiegen in den Bus.,Angesichts der Sonne trugen mehrere der,Choreograph*innen,star,Die Choreograph*innen stiegen in den Bus. Angesichts der Sonne trugen mehrere der,Tänzer*innen Sonnenbrillen,neutral,neutral,no
Die Choreograph:innen stiegen in den Bus.,Angesichts der Sonne trugen mehrere der,Choreograph:innen,colon,Die Choreograph:innen stiegen in den Bus. Angesichts der Sonne trugen mehrere der,Tänzer:innen Sonnenbrillen,neutral,neutral,no
Die Choreograph_innen stiegen in den Bus.,Angesichts der Sonne trugen mehrere der,Choreograph_innen,underscore,Die Choreograph_innen stiegen in den Bus. Angesichts der Sonne trugen mehrere der,Tänzer_innen Sonnenbrillen,neutral,neutral,no
Die ChoreographInnen stiegen in den Bus.,Angesichts der Sonne trugen mehrere der,ChoreographInnen,big_i,Die ChoreographInnen stiegen in den Bus. Angesichts der Sonne trugen mehrere der,TänzerInnen Sonnenbrillen,neutral,neutral,no
Die Beamte stiegen in den Bus.,Angesichts der Sonne trugen mehrere der,Beamte,masc,Die Beamte stiegen in den Bus. Angesichts der Sonne trugen mehrere der,"Beamten Sonnenbrillen.
",masculine,masculine,yes
Die Beamtinnen stiegen in den Bus.,Angesichts der Sonne trugen mehrere der,Beamtinnen,fem,Die Beamtinnen stiegen in den Bus. Angesichts der Sonne trugen mehrere der,Frauen Sonnenbrillen. Die Sonne,feminine,feminine,yes
Die Beamtinnen und Beamte stiegen in den Bus.,Angesichts der Sonne trugen mehrere der,Beamtinnen und Beamte,coord_f,Die Beamtinnen und Beamte stiegen in den Bus. Angesichts der Sonne trugen mehrere der,Beamtinnen und Beamten Sonnenbr,masc_fem,masc_fem,yes
Die Beamte und Beamtinnen stiegen in den Bus.,Angesichts der Sonne trugen mehrere der,Beamte und Beamtinnen,coord_m,Die Beamte und Beamtinnen stiegen in den Bus. Angesichts der Sonne trugen mehrere der,Beamten und Beamtinnen Sonnenbr,masc_fem,masc_fem,yes
Die Beamt*innen stiegen in den Bus.,Angesichts der Sonne trugen mehrere der,Beamt*innen,star,Die Beamt*innen stiegen in den Bus. Angesichts der Sonne trugen mehrere der,Beamt*innen Sonnenbrillen.,neutral,neutral,yes
Die Beamt:innen stiegen in den Bus.,Angesichts der Sonne trugen mehrere der,Beamt:innen,colon,Die Beamt:innen stiegen in den Bus. Angesichts der Sonne trugen mehrere der,Beamt:innen Sonnenbrillen.,neutral,neutral,yes
Die Beamt_innen stiegen in den Bus.,Angesichts der Sonne trugen mehrere der,Beamt_innen,underscore,Die Beamt_innen stiegen in den Bus. Angesichts der Sonne trugen mehrere der,Beamt_innen Sonnenbrillen.,neutral,neutral,yes
Die BeamtInnen stiegen in den Bus.,Angesichts der Sonne trugen mehrere der,BeamtInnen,big_i,Die BeamtInnen stiegen in den Bus. Angesichts der Sonne trugen mehrere der,BeamtInnen Sonnenbrillen.,neutral,neutral,yes
Die Radfahrer stiegen in den Bus.,Angesichts der Sonne trugen mehrere der,Radfahrer,masc,Die Radfahrer stiegen in den Bus. Angesichts der Sonne trugen mehrere der,Fahrgäste Sonnenbrillen,neutral,masculine,yes
Die Radfahrerinnen stiegen in den Bus.,Angesichts der Sonne trugen mehrere der,Radfahrerinnen,fem,Die Radfahrerinnen stiegen in den Bus. Angesichts der Sonne trugen mehrere der,Frauen Sonnenbrillen. Die Busf,feminine,feminine,yes
Die Radfahrerinnen und Radfahrer stiegen in den Bus.,Angesichts der Sonne trugen mehrere der,Radfahrerinnen und Radfahrer,coord_f,Die Radfahrerinnen und Radfahrer stiegen in den Bus. Angesichts der Sonne trugen mehrere der,Fahrgäste Sonnenbrillen,neutral,masculine,yes
Die Radfahrer und Radfahrerinnen stiegen in den Bus.,Angesichts der Sonne trugen mehrere der,Radfahrer und Radfahrerinnen,coord_m,Die Radfahrer und Radfahrerinnen stiegen in den Bus. Angesichts der Sonne trugen mehrere der,Fahrgäste Sonnenbrillen,neutral,masculine,yes
Die Radfahrer*innen stiegen in den Bus.,Angesichts der Sonne trugen mehrere der,Radfahrer*innen,star,Die Radfahrer*innen stiegen in den Bus. Angesichts der Sonne trugen mehrere der,Fahrgäste Sonnenbrillen,neutral,masculine,yes
Die Radfahrer:innen stiegen in den Bus.,Angesichts der Sonne trugen mehrere der,Radfahrer:innen,colon,Die Radfahrer:innen stiegen in den Bus. Angesichts der Sonne trugen mehrere der,Fahrgäste Sonnenbrillen,neutral,masculine,yes
Die Radfahrer_innen stiegen in den Bus.,Angesichts der Sonne trugen mehrere der,Radfahrer_innen,underscore,Die Radfahrer_innen stiegen in den Bus. Angesichts der Sonne trugen mehrere der,Fahrgäste Sonnenbrillen,neutral,masculine,yes
Die RadfahrerInnen stiegen in den Bus.,Angesichts der Sonne trugen mehrere der,RadfahrerInnen,big_i,Die RadfahrerInnen stiegen in den Bus. Angesichts der Sonne trugen mehrere der,Fahrgäste Sonnenbrillen,neutral,masculine,yes
Die Akademiker stiegen in den Bus.,Angesichts der Sonne trugen mehrere der,Akademiker,masc,Die Akademiker stiegen in den Bus. Angesichts der Sonne trugen mehrere der,jungen Männer Sonnenbrillen,masculine,masculine,yes
Die Akademikerinnen stiegen in den Bus.,Angesichts der Sonne trugen mehrere der,Akademikerinnen,fem,Die Akademikerinnen stiegen in den Bus. Angesichts der Sonne trugen mehrere der,Frauen Sonnenbrillen. Die Sonne,feminine,feminine,yes
Die Akademikerinnen und Akademiker stiegen in den Bus.,Angesichts der Sonne trugen mehrere der,Akademikerinnen und Akademiker,coord_f,Die Akademikerinnen und Akademiker stiegen in den Bus. Angesichts der Sonne trugen mehrere der,Männer Sonnenbrillen. Die,masculine,masculine,yes
Die Akademiker und Akademikerinnen stiegen in den Bus.,Angesichts der Sonne trugen mehrere der,Akademiker und Akademikerinnen,coord_m,Die Akademiker und Akademikerinnen stiegen in den Bus. Angesichts der Sonne trugen mehrere der,jungen Leute Sonnenbrillen.,neutral,neutral,yes
Die Akademiker*innen stiegen in den Bus.,Angesichts der Sonne trugen mehrere der,Akademiker*innen,star,Die Akademiker*innen stiegen in den Bus. Angesichts der Sonne trugen mehrere der,Männer Sonnenhüte. Die,masculine,masculine,yes
Die Akademiker:innen stiegen in den Bus.,Angesichts der Sonne trugen mehrere der,Akademiker:innen,colon,Die Akademiker:innen stiegen in den Bus. Angesichts der Sonne trugen mehrere der,jungen Männer Sonnenbrillen,masculine,masculine,yes
Die Akademiker_innen stiegen in den Bus.,Angesichts der Sonne trugen mehrere der,Akademiker_innen,underscore,Die Akademiker_innen stiegen in den Bus. Angesichts der Sonne trugen mehrere der,Männer Sonnenhüte. Die,masculine,masculine,yes
Die AkademikerInnen stiegen in den Bus.,Angesichts der Sonne trugen mehrere der,AkademikerInnen,big_i,Die AkademikerInnen stiegen in den Bus. Angesichts der Sonne trugen mehrere der,Männer Sonnenbrillen. Die,masculine,masculine,yes
Die Önologen stiegen in den Bus.,Angesichts der Sonne trugen mehrere der,Önologen,masc,Die Önologen stiegen in den Bus. Angesichts der Sonne trugen mehrere der,jungen Männer Sonnenbrillen,masculine,masculine,yes
Die Önologinnen stiegen in den Bus.,Angesichts der Sonne trugen mehrere der,Önologinnen,fem,Die Önologinnen stiegen in den Bus. Angesichts der Sonne trugen mehrere der,Frauen Sonnenbrillen. Die Ön,feminine,feminine,yes
Die Önologinnen und Önologen stiegen in den Bus.,Angesichts der Sonne trugen mehrere der,Önologinnen und Önologen,coord_f,Die Önologinnen und Önologen stiegen in den Bus. Angesichts der Sonne trugen mehrere der,jungen Leute Sonnenbrillen.,neutral,neutral,yes
Die Önologen und Önologinnen stiegen in den Bus.,Angesichts der Sonne trugen mehrere der,Önologen und Önologinnen,coord_m,Die Önologen und Önologinnen stiegen in den Bus. Angesichts der Sonne trugen mehrere der,jungen Leute Sonnenbrillen.,neutral,neutral,yes
Die Önolog*innen stiegen in den Bus.,Angesichts der Sonne trugen mehrere der,Önolog*innen,star,Die Önolog*innen stiegen in den Bus. Angesichts der Sonne trugen mehrere der,jungen Frauen kurze Röcke. Die,feminine,feminine,yes
Die Önolog:innen stiegen in den Bus.,Angesichts der Sonne trugen mehrere der,Önolog:innen,colon,Die Önolog:innen stiegen in den Bus. Angesichts der Sonne trugen mehrere der,Gäste Sonnenbrillen. Die,neutral,masculine,no
Die Önolog_innen stiegen in den Bus.,Angesichts der Sonne trugen mehrere der,Önolog_innen,underscore,Die Önolog_innen stiegen in den Bus. Angesichts der Sonne trugen mehrere der,Önolog_innen Sonnenbrillen,neutral,neutral,yes
Die ÖnologInnen stiegen in den Bus.,Angesichts der Sonne trugen mehrere der,ÖnologInnen,big_i,Die ÖnologInnen stiegen in den Bus. Angesichts der Sonne trugen mehrere der,jungen Frauen kurze Röcke. Die,feminine,feminine,yes
Die Schiedsrichter stiegen in den Bus.,Angesichts der Sonne trugen mehrere der,Schiedsrichter,masc,Die Schiedsrichter stiegen in den Bus. Angesichts der Sonne trugen mehrere der,Spieler Sonnencreme auf ihre Gesich,masculine,masculine,no
Die Schiedsrichterinnen stiegen in den Bus.,Angesichts der Sonne trugen mehrere der,Schiedsrichterinnen,fem,Die Schiedsrichterinnen stiegen in den Bus. Angesichts der Sonne trugen mehrere der,Frauen Sonnenbrillen. Die Schied,feminine,feminine,yes
Die Schiedsrichterinnen und Schiedsrichter stiegen in den Bus.,Angesichts der Sonne trugen mehrere der,Schiedsrichterinnen und Schiedsrichter,coord_f,Die Schiedsrichterinnen und Schiedsrichter stiegen in den Bus. Angesichts der Sonne trugen mehrere der,Schiedsrichterinnen und Schieds,masc_fem,masc_fem,yes
Die Schiedsrichter und Schiedsrichterinnen stiegen in den Bus.,Angesichts der Sonne trugen mehrere der,Schiedsrichter und Schiedsrichterinnen,coord_m,Die Schiedsrichter und Schiedsrichterinnen stiegen in den Bus. Angesichts der Sonne trugen mehrere der,Schiedsrichter und Schiedsrich,masc_fem,masc_fem,yes
Die Schiedsrichter*innen stiegen in den Bus.,Angesichts der Sonne trugen mehrere der,Schiedsrichter*innen,star,Die Schiedsrichter*innen stiegen in den Bus. Angesichts der Sonne trugen mehrere der,Schiedsrichter*innen Sonnenbr,neutral,neutral,yes
Die Schiedsrichter:innen stiegen in den Bus.,Angesichts der Sonne trugen mehrere der,Schiedsrichter:innen,colon,Die Schiedsrichter:innen stiegen in den Bus. Angesichts der Sonne trugen mehrere der,Schiedsrichter:innen Sonnenbr,neutral,neutral,yes
Die Schiedsrichter_innen stiegen in den Bus.,Angesichts der Sonne trugen mehrere der,Schiedsrichter_innen,underscore,Die Schiedsrichter_innen stiegen in den Bus. Angesichts der Sonne trugen mehrere der,Schiedsrichter_innen Sonnenbr,neutral,neutral,yes
Die SchiedsrichterInnen stiegen in den Bus.,Angesichts der Sonne trugen mehrere der,SchiedsrichterInnen,big_i,Die SchiedsrichterInnen stiegen in den Bus. Angesichts der Sonne trugen mehrere der,SchiedsrichterInnen Sonnenbr,neutral,neutral,yes
Die Tierärzte stiegen in den Bus.,Angesichts der Sonne trugen mehrere der,Tierärzte,masc,Die Tierärzte stiegen in den Bus. Angesichts der Sonne trugen mehrere der,Tierärzte Sonnenbrillen.,masculine,masculine,yes
Die Tierärztinnen stiegen in den Bus.,Angesichts der Sonne trugen mehrere der,Tierärztinnen,fem,Die Tierärztinnen stiegen in den Bus. Angesichts der Sonne trugen mehrere der,Frauen Sonnenbrillen. Die Tier,feminine,feminine,yes
Die Tierärztinnen und Tierärzte stiegen in den Bus.,Angesichts der Sonne trugen mehrere der,Tierärztinnen und Tierärzte,coord_f,Die Tierärztinnen und Tierärzte stiegen in den Bus. Angesichts der Sonne trugen mehrere der,Tierärzte Sonnenbrillen.,masculine,masculine,yes
Die Tierärzte und Tierärztinnen stiegen in den Bus.,Angesichts der Sonne trugen mehrere der,Tierärzte und Tierärztinnen,coord_m,Die Tierärzte und Tierärztinnen stiegen in den Bus. Angesichts der Sonne trugen mehrere der,Tierärzte und Tierärztinnen,masc_fem,masc_fem,yes
Die Tierärzt*innen stiegen in den Bus.,Angesichts der Sonne trugen mehrere der,Tierärzt*innen,star,Die Tierärzt*innen stiegen in den Bus. Angesichts der Sonne trugen mehrere der,Tierärzt*innen Sonnenbrill,neutral,neutral,yes
Die Tierärzt:innen stiegen in den Bus.,Angesichts der Sonne trugen mehrere der,Tierärzt:innen,colon,Die Tierärzt:innen stiegen in den Bus. Angesichts der Sonne trugen mehrere der,Tierärzt:innen Sonnenbrill,neutral,neutral,yes
Die Tierärzt_innen stiegen in den Bus.,Angesichts der Sonne trugen mehrere der,Tierärzt_innen,underscore,Die Tierärzt_innen stiegen in den Bus. Angesichts der Sonne trugen mehrere der,Tierärzt_innen Sonnenbrill,neutral,neutral,yes
Die TierärztInnen stiegen in den Bus.,Angesichts der Sonne trugen mehrere der,TierärztInnen,big_i,Die TierärztInnen stiegen in den Bus. Angesichts der Sonne trugen mehrere der,TierärztInnen Sonnenbrill,neutral,neutral,yes
Die Archäologen stiegen in den Bus.,Angesichts der Sonne trugen mehrere der,Archäologen,masc,Die Archäologen stiegen in den Bus. Angesichts der Sonne trugen mehrere der,jungen Männer Sonnenhüte,masculine,masculine,yes
Die Archäologinnen stiegen in den Bus.,Angesichts der Sonne trugen mehrere der,Archäologinnen,fem,Die Archäologinnen stiegen in den Bus. Angesichts der Sonne trugen mehrere der,Frauen Sonnenhüte. Die Sonne,feminine,feminine,yes
Die Archäologinnen und Archäologen stiegen in den Bus.,Angesichts der Sonne trugen mehrere der,Archäologinnen und Archäologen,coord_f,Die Archäologinnen und Archäologen stiegen in den Bus. Angesichts der Sonne trugen mehrere der,Wissenschaftler Sonnenhüte. Sie,masculine,masculine,yes
Die Archäologen und Archäologinnen stiegen in den Bus.,Angesichts der Sonne trugen mehrere der,Archäologen und Archäologinnen,coord_m,Die Archäologen und Archäologinnen stiegen in den Bus. Angesichts der Sonne trugen mehrere der,Wissenschaftlerinnen und Wissenschaftler Sonn,masc_fem,masc_fem,yes
Die Archäolog*innen stiegen in den Bus.,Angesichts der Sonne trugen mehrere der,Archäolog*innen,star,Die Archäolog*innen stiegen in den Bus. Angesichts der Sonne trugen mehrere der,Mitglieder des Teams Sonnencreme,neutral,neutral,yes
Die Archäolog:innen stiegen in den Bus.,Angesichts der Sonne trugen mehrere der,Archäolog:innen,colon,Die Archäolog:innen stiegen in den Bus. Angesichts der Sonne trugen mehrere der,Mitreisenden Sonnenhüte.,neutral,neutral,no
Die Archäolog_innen stiegen in den Bus.,Angesichts der Sonne trugen mehrere der,Archäolog_innen,underscore,Die Archäolog_innen stiegen in den Bus. Angesichts der Sonne trugen mehrere der,jungen Männer Sonnenhüte,masculine,masculine,yes
Die ArchäologInnen stiegen in den Bus.,Angesichts der Sonne trugen mehrere der,ArchäologInnen,big_i,Die ArchäologInnen stiegen in den Bus. Angesichts der Sonne trugen mehrere der,jungen Männer Sonnenhüte,masculine,masculine,yes
Die Eigentümer durchquerten die Halle.,Aufgrund des schlechten Wetters trugen die meisten der,Eigentümer,masc,Die Eigentümer durchquerten die Halle. Aufgrund des schlechten Wetters trugen die meisten der,Gäste Regenschirme. Die E,neutral,masculine,no
Die Eigentümerinnen durchquerten die Halle.,Aufgrund des schlechten Wetters trugen die meisten der,Eigentümerinnen,fem,Die Eigentümerinnen durchquerten die Halle. Aufgrund des schlechten Wetters trugen die meisten der,Frauen Regenmäntel. Die H,feminine,feminine,yes
Die Eigentümerinnen und Eigentümer durchquerten die Halle.,Aufgrund des schlechten Wetters trugen die meisten der,Eigentümerinnen und Eigentümer,coord_f,Die Eigentümerinnen und Eigentümer durchquerten die Halle. Aufgrund des schlechten Wetters trugen die meisten der,Gäste Regenschirme. Die H,neutral,masculine,no
Die Eigentümer und Eigentümerinnen durchquerten die Halle.,Aufgrund des schlechten Wetters trugen die meisten der,Eigentümer und Eigentümerinnen,coord_m,Die Eigentümer und Eigentümerinnen durchquerten die Halle. Aufgrund des schlechten Wetters trugen die meisten der,Gäste Regenschirme. Die E,neutral,masculine,no
Die Eigentümer*innen durchquerten die Halle.,Aufgrund des schlechten Wetters trugen die meisten der,Eigentümer*innen,star,Die Eigentümer*innen durchquerten die Halle. Aufgrund des schlechten Wetters trugen die meisten der,Gäste Regenschirme. Die E,neutral,masculine,no
Die Eigentümer:innen durchquerten die Halle.,Aufgrund des schlechten Wetters trugen die meisten der,Eigentümer:innen,colon,Die Eigentümer:innen durchquerten die Halle. Aufgrund des schlechten Wetters trugen die meisten der,Gäste Regenschirme. Die E,neutral,masculine,no
Die Eigentümer_innen durchquerten die Halle.,Aufgrund des schlechten Wetters trugen die meisten der,Eigentümer_innen,underscore,Die Eigentümer_innen durchquerten die Halle. Aufgrund des schlechten Wetters trugen die meisten der,Gäste Regenschirme. Die E,neutral,masculine,no
Die EigentümerInnen durchquerten die Halle.,Aufgrund des schlechten Wetters trugen die meisten der,EigentümerInnen,big_i,Die EigentümerInnen durchquerten die Halle. Aufgrund des schlechten Wetters trugen die meisten der,Gäste Regenschirme. Die E,neutral,masculine,no
Die Allergologen durchquerten die Halle.,Aufgrund des schlechten Wetters trugen die meisten der,Allergologen,masc,Die Allergologen durchquerten die Halle. Aufgrund des schlechten Wetters trugen die meisten der,Allergologen Regenmäntel,masculine,masculine,yes
Die Allergologinnen durchquerten die Halle.,Aufgrund des schlechten Wetters trugen die meisten der,Allergologinnen,fem,Die Allergologinnen durchquerten die Halle. Aufgrund des schlechten Wetters trugen die meisten der,Besucher Mäntel und Schir,masculine,masculine,no
Die Allergologinnen und Allergologen durchquerten die Halle.,Aufgrund des schlechten Wetters trugen die meisten der,Allergologinnen und Allergologen,coord_f,Die Allergologinnen und Allergologen durchquerten die Halle. Aufgrund des schlechten Wetters trugen die meisten der,Besucherinnen und Besucher Regensch,masc_fem,masc_fem,no
Die Allergologen und Allergologinnen durchquerten die Halle.,Aufgrund des schlechten Wetters trugen die meisten der,Allergologen und Allergologinnen,coord_m,Die Allergologen und Allergologinnen durchquerten die Halle. Aufgrund des schlechten Wetters trugen die meisten der,Allergologen und Allergologinnen Reg,masc_fem,masc_fem,yes
Die Allergolog*innen durchquerten die Halle.,Aufgrund des schlechten Wetters trugen die meisten der,Allergolog*innen,star,Die Allergolog*innen durchquerten die Halle. Aufgrund des schlechten Wetters trugen die meisten der,Besucher*innen Mäntel und,neutral,neutral,no
Die Allergolog:innen durchquerten die Halle.,Aufgrund des schlechten Wetters trugen die meisten der,Allergolog:innen,colon,Die Allergolog:innen durchquerten die Halle. Aufgrund des schlechten Wetters trugen die meisten der,Allergolog:innen Regenmänt,neutral,neutral,yes
Die Allergolog_innen durchquerten die Halle.,Aufgrund des schlechten Wetters trugen die meisten der,Allergolog_innen,underscore,Die Allergolog_innen durchquerten die Halle. Aufgrund des schlechten Wetters trugen die meisten der,Allergolog_innen Regenmänt,neutral,neutral,yes
Die AllergologInnen durchquerten die Halle.,Aufgrund des schlechten Wetters trugen die meisten der,AllergologInnen,big_i,Die AllergologInnen durchquerten die Halle. Aufgrund des schlechten Wetters trugen die meisten der,BesucherInnen Regenschirme.,neutral,neutral,no
Die Choreographen durchquerten die Halle.,Aufgrund des schlechten Wetters trugen die meisten der,Choreographen,masc,Die Choreographen durchquerten die Halle. Aufgrund des schlechten Wetters trugen die meisten der,Tänzer Regenmäntel.,masculine,masculine,no
Die Choreographinnen durchquerten die Halle.,Aufgrund des schlechten Wetters trugen die meisten der,Choreographinnen,fem,Die Choreographinnen durchquerten die Halle. Aufgrund des schlechten Wetters trugen die meisten der,Tänzerinnen Regenmäntel,feminine,feminine,no
Die Choreographinnen und Choreographen durchquerten die Halle.,Aufgrund des schlechten Wetters trugen die meisten der,Choreographinnen und Choreographen,coord_f,Die Choreographinnen und Choreographen durchquerten die Halle. Aufgrund des schlechten Wetters trugen die meisten der,Tänzerinnen und Tänzer Regen,masc_fem,masc_fem,no
Die Choreographen und Choreographinnen durchquerten die Halle.,Aufgrund des schlechten Wetters trugen die meisten der,Choreographen und Choreographinnen,coord_m,Die Choreographen und Choreographinnen durchquerten die Halle. Aufgrund des schlechten Wetters trugen die meisten der,Tänzerinnen und Tänzer Regen,masc_fem,masc_fem,no
Die Choreograph*innen durchquerten die Halle.,Aufgrund des schlechten Wetters trugen die meisten der,Choreograph*innen,star,Die Choreograph*innen durchquerten die Halle. Aufgrund des schlechten Wetters trugen die meisten der,Tänzer*innen Regenmänt,neutral,neutral,no
Die Choreograph:innen durchquerten die Halle.,Aufgrund des schlechten Wetters trugen die meisten der,Choreograph:innen,colon,Die Choreograph:innen durchquerten die Halle. Aufgrund des schlechten Wetters trugen die meisten der,Tänzer:innen Regenmänt,neutral,neutral,no
Die Choreograph_innen durchquerten die Halle.,Aufgrund des schlechten Wetters trugen die meisten der,Choreograph_innen,underscore,Die Choreograph_innen durchquerten die Halle. Aufgrund des schlechten Wetters trugen die meisten der,Tänzer_innen Regenmänt,neutral,neutral,no
Die ChoreographInnen durchquerten die Halle.,Aufgrund des schlechten Wetters trugen die meisten der,ChoreographInnen,big_i,Die ChoreographInnen durchquerten die Halle. Aufgrund des schlechten Wetters trugen die meisten der,TänzerInnen Regenschirme.,neutral,neutral,no
Die Beamte durchquerten die Halle.,Aufgrund des schlechten Wetters trugen die meisten der,Beamte,masc,Die Beamte durchquerten die Halle. Aufgrund des schlechten Wetters trugen die meisten der,Beamten Regenmäntel.,masculine,masculine,yes
Die Beamtinnen durchquerten die Halle.,Aufgrund des schlechten Wetters trugen die meisten der,Beamtinnen,fem,Die Beamtinnen durchquerten die Halle. Aufgrund des schlechten Wetters trugen die meisten der,Beamtinnen Regenmäntel.,feminine,feminine,yes
Die Beamtinnen und Beamte durchquerten die Halle.,Aufgrund des schlechten Wetters trugen die meisten der,Beamtinnen und Beamte,coord_f,Die Beamtinnen und Beamte durchquerten die Halle. Aufgrund des schlechten Wetters trugen die meisten der,Beamtinnen und Beamten Regenm,masc_fem,masc_fem,yes
Die Beamte und Beamtinnen durchquerten die Halle.,Aufgrund des schlechten Wetters trugen die meisten der,Beamte und Beamtinnen,coord_m,Die Beamte und Beamtinnen durchquerten die Halle. Aufgrund des schlechten Wetters trugen die meisten der,Beamten und Beamtinnen Regenschir,masc_fem,masc_fem,yes
Die Beamt*innen durchquerten die Halle.,Aufgrund des schlechten Wetters trugen die meisten der,Beamt*innen,star,Die Beamt*innen durchquerten die Halle. Aufgrund des schlechten Wetters trugen die meisten der,Beamt*innen Regenmäntel,neutral,neutral,yes
Die Beamt:innen durchquerten die Halle.,Aufgrund des schlechten Wetters trugen die meisten der,Beamt:innen,colon,Die Beamt:innen durchquerten die Halle. Aufgrund des schlechten Wetters trugen die meisten der,Beamt:innen Regenmäntel,neutral,neutral,yes
Die Beamt_innen durchquerten die Halle.,Aufgrund des schlechten Wetters trugen die meisten der,Beamt_innen,underscore,Die Beamt_innen durchquerten die Halle. Aufgrund des schlechten Wetters trugen die meisten der,Beamt_innen Regenschirme. Die,neutral,neutral,yes
Die BeamtInnen durchquerten die Halle.,Aufgrund des schlechten Wetters trugen die meisten der,BeamtInnen,big_i,Die BeamtInnen durchquerten die Halle. Aufgrund des schlechten Wetters trugen die meisten der,BeamtInnen Regenschirme. Die,neutral,neutral,yes
Die Radfahrer durchquerten die Halle.,Aufgrund des schlechten Wetters trugen die meisten der,Radfahrer,masc,Die Radfahrer durchquerten die Halle. Aufgrund des schlechten Wetters trugen die meisten der,"Teilnehmer Regenkleidung.
",masculine,masculine,yes
Die Radfahrerinnen durchquerten die Halle.,Aufgrund des schlechten Wetters trugen die meisten der,Radfahrerinnen,fem,Die Radfahrerinnen durchquerten die Halle. Aufgrund des schlechten Wetters trugen die meisten der,Teilnehmerinnen Regenkleidung.,feminine,feminine,yes
Die Radfahrerinnen und Radfahrer durchquerten die Halle.,Aufgrund des schlechten Wetters trugen die meisten der,Radfahrerinnen und Radfahrer,coord_f,Die Radfahrerinnen und Radfahrer durchquerten die Halle. Aufgrund des schlechten Wetters trugen die meisten der,"Teilnehmer Regenkleidung.
",masculine,masculine,yes
Die Radfahrer und Radfahrerinnen durchquerten die Halle.,Aufgrund des schlechten Wetters trugen die meisten der,Radfahrer und Radfahrerinnen,coord_m,Die Radfahrer und Radfahrerinnen durchquerten die Halle. Aufgrund des schlechten Wetters trugen die meisten der,Teilnehmer und Teilnehmerinnen Regen,masc_fem,masc_fem,yes
Die Radfahrer*innen durchquerten die Halle.,Aufgrund des schlechten Wetters trugen die meisten der,Radfahrer*innen,star,Die Radfahrer*innen durchquerten die Halle. Aufgrund des schlechten Wetters trugen die meisten der,Teilnehmer*innen Regenkleidung,neutral,neutral,yes
Die Radfahrer:innen durchquerten die Halle.,Aufgrund des schlechten Wetters trugen die meisten der,Radfahrer:innen,colon,Die Radfahrer:innen durchquerten die Halle. Aufgrund des schlechten Wetters trugen die meisten der,Teilnehmer:innen Regenkleidung,neutral,neutral,yes
Die Radfahrer_innen durchquerten die Halle.,Aufgrund des schlechten Wetters trugen die meisten der,Radfahrer_innen,underscore,Die Radfahrer_innen durchquerten die Halle. Aufgrund des schlechten Wetters trugen die meisten der,Teilnehmer_innen Regenkleidung,neutral,neutral,yes
Die RadfahrerInnen durchquerten die Halle.,Aufgrund des schlechten Wetters trugen die meisten der,RadfahrerInnen,big_i,Die RadfahrerInnen durchquerten die Halle. Aufgrund des schlechten Wetters trugen die meisten der,TeilnehmerInnen Regenkleidung,neutral,neutral,yes
Die Akademiker durchquerten die Halle.,Aufgrund des schlechten Wetters trugen die meisten der,Akademiker,masc,Die Akademiker durchquerten die Halle. Aufgrund des schlechten Wetters trugen die meisten der,Anwesenden Regenschirme. Die,neutral,neutral,yes
Die Akademikerinnen durchquerten die Halle.,Aufgrund des schlechten Wetters trugen die meisten der,Akademikerinnen,fem,Die Akademikerinnen durchquerten die Halle. Aufgrund des schlechten Wetters trugen die meisten der,Frauen Regenmäntel. Die H,feminine,feminine,yes
Die Akademikerinnen und Akademiker durchquerten die Halle.,Aufgrund des schlechten Wetters trugen die meisten der,Akademikerinnen und Akademiker,coord_f,Die Akademikerinnen und Akademiker durchquerten die Halle. Aufgrund des schlechten Wetters trugen die meisten der,Gäste Regenschirme. Die St,neutral,masculine,no
Die Akademiker und Akademikerinnen durchquerten die Halle.,Aufgrund des schlechten Wetters trugen die meisten der,Akademiker und Akademikerinnen,coord_m,Die Akademiker und Akademikerinnen durchquerten die Halle. Aufgrund des schlechten Wetters trugen die meisten der,Gäste Regenschirme. Die Ak,neutral,masculine,no
Die Akademiker*innen durchquerten die Halle.,Aufgrund des schlechten Wetters trugen die meisten der,Akademiker*innen,star,Die Akademiker*innen durchquerten die Halle. Aufgrund des schlechten Wetters trugen die meisten der,Gäste Regenschirme. Die Ak,neutral,masculine,no
Die Akademiker:innen durchquerten die Halle.,Aufgrund des schlechten Wetters trugen die meisten der,Akademiker:innen,colon,Die Akademiker:innen durchquerten die Halle. Aufgrund des schlechten Wetters trugen die meisten der,Anwesenden Regenmäntel,neutral,neutral,yes
Die Akademiker_innen durchquerten die Halle.,Aufgrund des schlechten Wetters trugen die meisten der,Akademiker_innen,underscore,Die Akademiker_innen durchquerten die Halle. Aufgrund des schlechten Wetters trugen die meisten der,Gäste Regenschirme. Die Ak,neutral,masculine,no
Die AkademikerInnen durchquerten die Halle.,Aufgrund des schlechten Wetters trugen die meisten der,AkademikerInnen,big_i,Die AkademikerInnen durchquerten die Halle. Aufgrund des schlechten Wetters trugen die meisten der,Gäste Regenschirme. Die Ak,neutral,masculine,no
Die Önologen durchquerten die Halle.,Aufgrund des schlechten Wetters trugen die meisten der,Önologen,masc,Die Önologen durchquerten die Halle. Aufgrund des schlechten Wetters trugen die meisten der,Anwesenden Regenmäntel,neutral,neutral,yes
Die Önologinnen durchquerten die Halle.,Aufgrund des schlechten Wetters trugen die meisten der,Önologinnen,fem,Die Önologinnen durchquerten die Halle. Aufgrund des schlechten Wetters trugen die meisten der,Besucher Regenmäntel.,masculine,masculine,no
Die Önologinnen und Önologen durchquerten die Halle.,Aufgrund des schlechten Wetters trugen die meisten der,Önologinnen und Önologen,coord_f,Die Önologinnen und Önologen durchquerten die Halle. Aufgrund des schlechten Wetters trugen die meisten der,jungen Leute Regenmäntel,neutral,masculine,yes
Die Önologen und Önologinnen durchquerten die Halle.,Aufgrund des schlechten Wetters trugen die meisten der,Önologen und Önologinnen,coord_m,Die Önologen und Önologinnen durchquerten die Halle. Aufgrund des schlechten Wetters trugen die meisten der,Gäste Regenschirme. Die Ö,neutral,masculine,no
Die Önolog*innen durchquerten die Halle.,Aufgrund des schlechten Wetters trugen die meisten der,Önolog*innen,star,Die Önolog*innen durchquerten die Halle. Aufgrund des schlechten Wetters trugen die meisten der,Gäste Regenmäntel.,neutral,masculine,no
Die Önolog:innen durchquerten die Halle.,Aufgrund des schlechten Wetters trugen die meisten der,Önolog:innen,colon,Die Önolog:innen durchquerten die Halle. Aufgrund des schlechten Wetters trugen die meisten der,Gäste Regenmäntel.,neutral,masculine,no
Die Önolog_innen durchquerten die Halle.,Aufgrund des schlechten Wetters trugen die meisten der,Önolog_innen,underscore,Die Önolog_innen durchquerten die Halle. Aufgrund des schlechten Wetters trugen die meisten der,Önolog_innen Regenmänt,neutral,neutral,yes
Die ÖnologInnen durchquerten die Halle.,Aufgrund des schlechten Wetters trugen die meisten der,ÖnologInnen,big_i,Die ÖnologInnen durchquerten die Halle. Aufgrund des schlechten Wetters trugen die meisten der,Gäste Regenschirme. Die Ö,neutral,masculine,no
Die Schiedsrichter durchquerten die Halle.,Aufgrund des schlechten Wetters trugen die meisten der,Schiedsrichter,masc,Die Schiedsrichter durchquerten die Halle. Aufgrund des schlechten Wetters trugen die meisten der,Schiedsrichter Regenmänt,masculine,masculine,yes
Die Schiedsrichterinnen durchquerten die Halle.,Aufgrund des schlechten Wetters trugen die meisten der,Schiedsrichterinnen,fem,Die Schiedsrichterinnen durchquerten die Halle. Aufgrund des schlechten Wetters trugen die meisten der,Spielerinnen lange Hosen. Die Sch,feminine,feminine,no
Die Schiedsrichterinnen und Schiedsrichter durchquerten die Halle.,Aufgrund des schlechten Wetters trugen die meisten der,Schiedsrichterinnen und Schiedsrichter,coord_f,Die Schiedsrichterinnen und Schiedsrichter durchquerten die Halle. Aufgrund des schlechten Wetters trugen die meisten der,Schiedsrichterinnen und Schieds,masc_fem,masc_fem,yes
Die Schiedsrichter und Schiedsrichterinnen durchquerten die Halle.,Aufgrund des schlechten Wetters trugen die meisten der,Schiedsrichter und Schiedsrichterinnen,coord_m,Die Schiedsrichter und Schiedsrichterinnen durchquerten die Halle. Aufgrund des schlechten Wetters trugen die meisten der,Schiedsrichter und Schiedsrich,masc_fem,masc_fem,yes
Die Schiedsrichter*innen durchquerten die Halle.,Aufgrund des schlechten Wetters trugen die meisten der,Schiedsrichter*innen,star,Die Schiedsrichter*innen durchquerten die Halle. Aufgrund des schlechten Wetters trugen die meisten der,Schiedsrichter*innen Regenjack,neutral,neutral,yes
Die Schiedsrichter:innen durchquerten die Halle.,Aufgrund des schlechten Wetters trugen die meisten der,Schiedsrichter:innen,colon,Die Schiedsrichter:innen durchquerten die Halle. Aufgrund des schlechten Wetters trugen die meisten der,Schiedsrichter:innen Regenjack,neutral,neutral,yes
Die Schiedsrichter_innen durchquerten die Halle.,Aufgrund des schlechten Wetters trugen die meisten der,Schiedsrichter_innen,underscore,Die Schiedsrichter_innen durchquerten die Halle. Aufgrund des schlechten Wetters trugen die meisten der,Schiedsrichter_innen Regenjack,neutral,neutral,yes
Die SchiedsrichterInnen durchquerten die Halle.,Aufgrund des schlechten Wetters trugen die meisten der,SchiedsrichterInnen,big_i,Die SchiedsrichterInnen durchquerten die Halle. Aufgrund des schlechten Wetters trugen die meisten der,SchiedsrichterInnen Regenjack,neutral,neutral,yes
Die Tierärzte durchquerten die Halle.,Aufgrund des schlechten Wetters trugen die meisten der,Tierärzte,masc,Die Tierärzte durchquerten die Halle. Aufgrund des schlechten Wetters trugen die meisten der,Tierärzte Regenmäntel,masculine,masculine,yes
Die Tierärztinnen durchquerten die Halle.,Aufgrund des schlechten Wetters trugen die meisten der,Tierärztinnen,fem,Die Tierärztinnen durchquerten die Halle. Aufgrund des schlechten Wetters trugen die meisten der,Besucher Regenschirme. Die T,masculine,masculine,no
Die Tierärztinnen und Tierärzte durchquerten die Halle.,Aufgrund des schlechten Wetters trugen die meisten der,Tierärztinnen und Tierärzte,coord_f,Die Tierärztinnen und Tierärzte durchquerten die Halle. Aufgrund des schlechten Wetters trugen die meisten der,Tierärzte Regenmäntel,masculine,masculine,yes
Die Tierärzte und Tierärztinnen durchquerten die Halle.,Aufgrund des schlechten Wetters trugen die meisten der,Tierärzte und Tierärztinnen,coord_m,Die Tierärzte und Tierärztinnen durchquerten die Halle. Aufgrund des schlechten Wetters trugen die meisten der,Tierärzte und Tierärztinnen,masc_fem,masc_fem,yes
Die Tierärzt*innen durchquerten die Halle.,Aufgrund des schlechten Wetters trugen die meisten der,Tierärzt*innen,star,Die Tierärzt*innen durchquerten die Halle. Aufgrund des schlechten Wetters trugen die meisten der,Besucher*innen Regenmänt,neutral,neutral,no
Die Tierärzt:innen durchquerten die Halle.,Aufgrund des schlechten Wetters trugen die meisten der,Tierärzt:innen,colon,Die Tierärzt:innen durchquerten die Halle. Aufgrund des schlechten Wetters trugen die meisten der,Tierärzt:innen Regenmä,neutral,neutral,yes
Die Tierärzt_innen durchquerten die Halle.,Aufgrund des schlechten Wetters trugen die meisten der,Tierärzt_innen,underscore,Die Tierärzt_innen durchquerten die Halle. Aufgrund des schlechten Wetters trugen die meisten der,Tierärzt_innen Regenmä,neutral,neutral,yes
Die TierärztInnen durchquerten die Halle.,Aufgrund des schlechten Wetters trugen die meisten der,TierärztInnen,big_i,Die TierärztInnen durchquerten die Halle. Aufgrund des schlechten Wetters trugen die meisten der,BesucherInnen Regenschirme.,neutral,neutral,no
Die Archäologen durchquerten die Halle.,Aufgrund des schlechten Wetters trugen die meisten der,Archäologen,masc,Die Archäologen durchquerten die Halle. Aufgrund des schlechten Wetters trugen die meisten der,Besucher Regenmäntel.,masculine,masculine,no
Die Archäologinnen durchquerten die Halle.,Aufgrund des schlechten Wetters trugen die meisten der,Archäologinnen,fem,Die Archäologinnen durchquerten die Halle. Aufgrund des schlechten Wetters trugen die meisten der,Besucher Regenmäntel und,masculine,masculine,no
Die Archäologinnen und Archäologen durchquerten die Halle.,Aufgrund des schlechten Wetters trugen die meisten der,Archäologinnen und Archäologen,coord_f,Die Archäologinnen und Archäologen durchquerten die Halle. Aufgrund des schlechten Wetters trugen die meisten der,Teilnehmer Regenkleidung. Die,masculine,masculine,no
Die Archäologen und Archäologinnen durchquerten die Halle.,Aufgrund des schlechten Wetters trugen die meisten der,Archäologen und Archäologinnen,coord_m,Die Archäologen und Archäologinnen durchquerten die Halle. Aufgrund des schlechten Wetters trugen die meisten der,Besucher und Besucherinnen Regensch,masc_fem,masc_fem,no
Die Archäolog*innen durchquerten die Halle.,Aufgrund des schlechten Wetters trugen die meisten der,Archäolog*innen,star,Die Archäolog*innen durchquerten die Halle. Aufgrund des schlechten Wetters trugen die meisten der,Besucher*innen Regenjacken und,neutral,neutral,no
Die Archäolog:innen durchquerten die Halle.,Aufgrund des schlechten Wetters trugen die meisten der,Archäolog:innen,colon,Die Archäolog:innen durchquerten die Halle. Aufgrund des schlechten Wetters trugen die meisten der,Besucher:innen Regenschirme.,neutral,neutral,no
Die Archäolog_innen durchquerten die Halle.,Aufgrund des schlechten Wetters trugen die meisten der,Archäolog_innen,underscore,Die Archäolog_innen durchquerten die Halle. Aufgrund des schlechten Wetters trugen die meisten der,Besucher_innen Regenschirme.,neutral,neutral,no
Die ArchäologInnen durchquerten die Halle.,Aufgrund des schlechten Wetters trugen die meisten der,ArchäologInnen,big_i,Die ArchäologInnen durchquerten die Halle. Aufgrund des schlechten Wetters trugen die meisten der,BesucherInnen Regenschirme.,neutral,neutral,no